class,[Mo]eq,Ti_test_temperature,test_stress,Ti_lg_RT
IMI834,-5.202,600,195,3.678518379
TC4-2,-2.94,475,300,3.674146216
IMI834,-5.202,650,135,3.397940009
IMI834,-5.202,625,173,3.394451681
IMI834,-5.202,600,275,3.025305865
IMI834,-5.202,650,150,3.025305865
IMI834,-5.202,600,295,2.921686475
TC4-2,-2.94,475,300,2.875061263
IMI834,-5.202,650,177,2.806179974
IMI834,-5.202,625,248,2.736396502
Timetal834-12a,-5.202,600,250,2.658011397
IMI834,-5.202,600,349,2.51851394
IMI834,-5.202,625,277,2.505149978
Timetal834-5a,-5.202,600,300,2.484014963