class,[Mo]eq,Ti_test_temperature,test_stress,Ti_lg_RT
IMI834,-5.202,600,195,3.678518379
TC4-2,-2.94,475,300,3.674146216
IMI834,-5.202,650,135,3.397940009
IMI834,-5.202,625,173,3.394451681
IMI834,-5.202,600,275,3.025305865
IMI834,-5.202,650,150,3.025305865
IMI834,-5.202,600,295,2.921686475
TC4-2,-2.94,475,300,2.875061263